portfolio_id,archetype,tier,as_of,n_holdings,caution_score,band,realized_vol,realized_max_drawdown
0,diversified_sleepy,low,124,10,14,1-20,11.7428,3.0579
0,diversified_sleepy,low,164,10,41,41-60,12.466,6.576
0,diversified_sleepy,low,204,10,44,41-60,8.5946,3.9624
1,diversified_sleepy,regular,124,10,12,1-20,11.7594,2.8667
1,diversified_sleepy,regular,164,10,31,21-40,12.8846,6.9189
1,diversified_sleepy,regular,204,10,32,21-40,9.3006,2.7142
2,diversified_sleepy,high,124,8,6,1-20,11.3293,1.7094
2,diversified_sleepy,high,164,8,9,1-20,11.0013,5.1572
2,diversified_sleepy,high,204,8,11,1-20,8.2555,3.3036
3,diversified_sleepy,low,124,10,13,1-20,10.7778,2.0095
3,diversified_sleepy,low,164,10,25,21-40,12.1384,6.0986
3,diversified_sleepy,low,204,10,27,21-40,9.9064,2.5422
4,diversified_sleepy,regular,124,5,24,21-40,9.0119,1.7471
4,diversified_sleepy,regular,164,5,35,21-40,12.2129,8.4123
4,diversified_sleepy,regular,204,5,35,21-40,10.4023,4.6229
5,diversified_sleepy,high,124,10,9,1-20,10.4927,2.1367
5,diversified_sleepy,high,164,10,15,1-20,11.0505,5.3293
5,diversified_sleepy,high,204,10,15,1-20,9.4247,4.0283
6,diversified_sleepy,low,124,10,15,1-20,12.6732,3.6096
6,diversified_sleepy,low,164,10,36,21-40,14.168,7.1912
6,diversified_sleepy,low,204,10,40,21-40,10.3837,3.5026
7,diversified_sleepy,regular,124,10,13,1-20,11.9594,2.2197
7,diversified_sleepy,regular,164,10,24,21-40,12.8657,6.4114
7,diversified_sleepy,regular,204,10,25,21-40,9.3031,2.4958
8,diversified_sleepy,high,124,8,8,1-20,11.9387,3.3052
8,diversified_sleepy,high,164,8,19,1-20,14.1984,8.971
8,diversified_sleepy,high,204,8,19,1-20,10.2053,2.2974
9,diversified_sleepy,low,124,10,13,1-20,9.8709,1.9206
9,diversified_sleepy,low,164,10,24,21-40,12.4375,6.3337
9,diversified_sleepy,low,204,10,27,21-40,9.9944,3.1168
10,diversified_sleepy,regular,124,5,17,1-20,16.5425,3.7766
10,diversified_sleepy,regular,164,5,17,1-20,13.3472,4.2176
10,diversified_sleepy,regular,204,5,17,1-20,12.7513,4.2244
11,diversified_sleepy,high,124,5,43,41-60,12.5297,3.9975
11,diversified_sleepy,high,164,5,49,41-60,15.0597,7.7212
11,diversified_sleepy,high,204,5,49,41-60,13.2803,8.3293
12,diversified_sleepy,low,124,10,10,1-20,9.8027,2.5536
12,diversified_sleepy,low,164,10,24,21-40,13.2356,6.0713
12,diversified_sleepy,low,204,10,26,21-40,11.9593,4.8086
13,diversified_sleepy,regular,124,5,8,1-20,12.9305,4.1136
13,diversified_sleepy,regular,164,5,32,21-40,16.5151,7.8115
13,diversified_sleepy,regular,204,5,33,21-40,14.2756,3.7596
14,diversified_sleepy,high,124,5,8,1-20,11.5418,2.9817
14,diversified_sleepy,high,164,5,21,21-40,16.448,8.788
14,diversified_sleepy,high,204,5,23,21-40,11.7984,3.1273
15,diversified_sleepy,low,124,5,49,41-60,14.7368,4.2781
15,diversified_sleepy,low,164,5,49,41-60,17.9473,7.6705
15,diversified_sleepy,low,204,5,49,41-60,16.0588,3.4353
16,diversified_sleepy,regular,124,8,14,1-20,12.1398,2.0688
16,diversified_sleepy,regular,164,8,21,21-40,12.0203,5.2637
16,diversified_sleepy,regular,204,8,22,21-40,9.2133,3.4779
17,diversified_sleepy,high,124,8,9,1-20,8.7351,2.3344
17,diversified_sleepy,high,164,8,18,1-20,14.876,8.5373
17,diversified_sleepy,high,204,8,19,1-20,12.9011,3.4638
18,diversified_sleepy,low,124,5,43,41-60,13.6696,5.0407
18,diversified_sleepy,low,164,5,52,41-60,19.3853,8.9588
18,diversified_sleepy,low,204,5,52,41-60,16.4304,8.3518
19,diversified_sleepy,regular,124,10,18,1-20,8.6639,1.4585
19,diversified_sleepy,regular,164,10,19,1-20,12.4704,7.7803
19,diversified_sleepy,regular,204,10,20,1-20,10.1297,2.6096
20,diversified_sleepy,high,124,10,9,1-20,12.9416,2.2795
20,diversified_sleepy,high,164,10,15,1-20,11.2893,4.3318
20,diversified_sleepy,high,204,10,15,1-20,8.9876,3.0086
21,diversified_sleepy,low,124,10,14,1-20,9.0705,1.7977
21,diversified_sleepy,low,164,10,29,21-40,11.8965,6.5161
21,diversified_sleepy,low,204,10,32,21-40,8.2774,2.6531
22,diversified_sleepy,regular,124,8,14,1-20,10.838,1.4101
22,diversified_sleepy,regular,164,8,8,1-20,11.7625,6.0116
22,diversified_sleepy,regular,204,8,10,1-20,10.0375,1.8707
23,diversified_sleepy,high,124,5,10,1-20,13.7843,2.8956
23,diversified_sleepy,high,164,5,8,1-20,10.4809,2.6616
23,diversified_sleepy,high,204,5,8,1-20,12.9022,4.7161
24,diversified_sleepy,low,124,10,14,1-20,11.6106,3.5022
24,diversified_sleepy,low,164,10,42,41-60,12.8985,6.9513
24,diversified_sleepy,low,204,10,44,41-60,9.1348,3.7019
25,diversified_sleepy,regular,124,10,12,1-20,11.3908,2.048
25,diversified_sleepy,regular,164,10,32,21-40,11.9975,6.0734
25,diversified_sleepy,regular,204,10,33,21-40,8.718,3.4385
26,diversified_sleepy,high,124,10,8,1-20,10.3509,2.1302
26,diversified_sleepy,high,164,10,14,1-20,11.5763,5.3598
26,diversified_sleepy,high,204,10,15,1-20,9.5332,4.0918
27,diversified_sleepy,low,124,5,7,1-20,12.7064,2.2564
27,diversified_sleepy,low,164,5,7,1-20,13.1172,4.5558
27,diversified_sleepy,low,204,5,8,1-20,11.7799,2.3995
28,diversified_sleepy,regular,124,10,16,1-20,11.1406,2.4261
28,diversified_sleepy,regular,164,10,17,1-20,12.5088,7.0605
28,diversified_sleepy,regular,204,10,18,1-20,8.7096,2.0072
29,diversified_sleepy,high,124,10,9,1-20,12.4352,3.2091
29,diversified_sleepy,high,164,10,15,1-20,12.4826,7.2003
29,diversified_sleepy,high,204,10,15,1-20,9.2751,2.2751
30,diversified_sleepy,low,124,8,14,1-20,11.8959,2.2586
30,diversified_sleepy,low,164,8,22,21-40,12.9888,6.3553
30,diversified_sleepy,low,204,8,22,21-40,11.393,2.4186
31,diversified_sleepy,regular,124,5,17,1-20,15.4301,4.3908
31,diversified_sleepy,regular,164,5,17,1-20,15.3043,6.4586
31,diversified_sleepy,regular,204,5,17,1-20,14.3556,5.3868
32,diversified_sleepy,high,124,8,9,1-20,10.4939,2.0848
32,diversified_sleepy,high,164,8,7,1-20,12.1805,5.7696
32,diversified_sleepy,high,204,8,8,1-20,10.9129,2.4827
33,diversified_sleepy,low,124,8,8,1-20,11.9053,2.3326
33,diversified_sleepy,low,164,8,22,21-40,10.3721,4.444
33,diversified_sleepy,low,204,8,26,21-40,8.5546,3.8611
34,diversified_sleepy,regular,124,10,11,1-20,11.7311,2.2916
34,diversified_sleepy,regular,164,10,16,1-20,12.337,5.5907
34,diversified_sleepy,regular,204,10,18,1-20,9.5141,2.4895
35,diversified_sleepy,high,124,10,7,1-20,10.623,2.1798
35,diversified_sleepy,high,164,10,15,1-20,12.787,6.8997
35,diversified_sleepy,high,204,10,17,1-20,8.5577,3.1339
36,diversified_sleepy,low,124,10,11,1-20,9.7744,2.0815
36,diversified_sleepy,low,164,10,26,21-40,11.7176,5.7856
36,diversified_sleepy,low,204,10,29,21-40,9.7063,3.9321
37,diversified_sleepy,regular,124,8,18,1-20,11.9977,2.9136
37,diversified_sleepy,regular,164,8,25,21-40,13.6146,7.434
37,diversified_sleepy,regular,204,8,25,21-40,10.0506,2.3569
38,diversified_sleepy,high,124,5,7,1-20,10.6844,2.017
38,diversified_sleepy,high,164,5,7,1-20,15.0068,8.1795
38,diversified_sleepy,high,204,5,8,1-20,12.1322,2.2371
39,diversified_sleepy,low,124,10,12,1-20,9.9518,2.0599
39,diversified_sleepy,low,164,10,28,21-40,11.5974,5.6683
39,diversified_sleepy,low,204,10,31,21-40,9.0093,3.7889
40,diversified_sleepy,regular,124,10,12,1-20,10.1614,1.872
40,diversified_sleepy,regular,164,10,28,21-40,10.9952,5.627
40,diversified_sleepy,regular,204,10,29,21-40,8.3245,4.1573
41,diversified_sleepy,high,124,10,8,1-20,11.2471,1.944
41,diversified_sleepy,high,164,10,12,1-20,13.1054,6.6486
41,diversified_sleepy,high,204,10,13,1-20,9.9072,2.2538
42,diversified_sleepy,low,124,5,43,41-60,13.231,3.2252
42,diversified_sleepy,low,164,5,50,41-60,11.3821,4.5401
42,diversified_sleepy,low,204,5,50,41-60,10.6809,7.1235
43,diversified_sleepy,regular,124,10,14,1-20,9.7719,1.8304
43,diversified_sleepy,regular,164,10,16,1-20,13.0357,6.9983
43,diversified_sleepy,regular,204,10,17,1-20,10.2885,2.3462
44,diversified_sleepy,high,124,5,9,1-20,19.9364,10.1289
44,diversified_sleepy,high,164,5,20,1-20,21.032,10.1911
44,diversified_sleepy,high,204,5,21,21-40,16.5698,5.2934
45,diversified_sleepy,low,124,8,14,1-20,10.0403,1.8004
45,diversified_sleepy,low,164,8,28,21-40,14.4374,8.5713
45,diversified_sleepy,low,204,8,29,21-40,10.9562,2.3
46,diversified_sleepy,regular,124,10,11,1-20,10.021,1.6601
46,diversified_sleepy,regular,164,10,20,1-20,12.6334,6.7828
46,diversified_sleepy,regular,204,10,21,21-40,9.2644,2.5519
47,diversified_sleepy,high,124,10,8,1-20,10.6273,2.1967
47,diversified_sleepy,high,164,10,19,1-20,12.5394,6.4969
47,diversified_sleepy,high,204,10,20,1-20,9.5504,3.4071
48,diversified_sleepy,low,124,10,11,1-20,8.983,1.7307
48,diversified_sleepy,low,164,10,25,21-40,13.1092,7.1919
48,diversified_sleepy,low,204,10,28,21-40,10.1404,3.1457
49,diversified_sleepy,regular,124,8,14,1-20,13.5847,5.9015
49,diversified_sleepy,regular,164,8,38,21-40,15.4333,7.1787
49,diversified_sleepy,regular,204,8,38,21-40,11.4384,4.9685
50,diversified_mixed,high,124,12,73,61-80,38.0414,14.6171
50,diversified_mixed,high,164,12,73,61-80,35.2778,11.9228
50,diversified_mixed,high,204,12,74,61-80,57.0174,24.8301
51,diversified_mixed,low,124,10,94,81-99,41.7369,19.1556
51,diversified_mixed,low,164,10,94,81-99,36.2498,14.0714
51,diversified_mixed,low,204,10,94,81-99,45.1634,16.3893
52,diversified_mixed,regular,124,10,95,81-99,62.5727,23.5953
52,diversified_mixed,regular,164,10,95,81-99,48.7687,23.4137
52,diversified_mixed,regular,204,10,95,81-99,55.5002,16.2515
53,diversified_mixed,high,124,5,94,81-99,66.3393,32.9471
53,diversified_mixed,high,164,5,95,81-99,53.3044,20.4485
53,diversified_mixed,high,204,5,95,81-99,71.0028,18.9966
54,diversified_mixed,low,124,10,93,81-99,41.2663,17.2637
54,diversified_mixed,low,164,10,93,81-99,33.7577,18.2345
54,diversified_mixed,low,204,10,93,81-99,38.2563,15.9154
55,diversified_mixed,regular,124,12,94,81-99,55.3342,27.9363
55,diversified_mixed,regular,164,12,94,81-99,46.6136,19.9983
55,diversified_mixed,regular,204,12,94,81-99,52.1304,17.9052
56,diversified_mixed,high,124,8,73,61-80,32.2732,18.6798
56,diversified_mixed,high,164,8,74,61-80,32.168,16.032
56,diversified_mixed,high,204,8,74,61-80,34.7501,17.4438
57,diversified_mixed,low,124,8,94,81-99,36.6754,18.7717
57,diversified_mixed,low,164,8,94,81-99,42.7022,17.6015
57,diversified_mixed,low,204,8,94,81-99,69.7791,26.2518
58,diversified_mixed,regular,124,10,93,81-99,40.5675,18.0568
58,diversified_mixed,regular,164,10,94,81-99,33.7796,17.8283
58,diversified_mixed,regular,204,10,94,81-99,41.048,17.6244
59,diversified_mixed,high,124,8,82,81-99,43.3478,23.8906
59,diversified_mixed,high,164,8,82,81-99,45.7538,17.3969
59,diversified_mixed,high,204,8,87,81-99,97.8508,33.164
60,diversified_mixed,low,124,12,95,81-99,49.7354,22.2442
60,diversified_mixed,low,164,12,95,81-99,42.5379,17.3089
60,diversified_mixed,low,204,12,95,81-99,49.0463,18.2582
61,diversified_mixed,regular,124,10,93,81-99,36.6984,19.2087
61,diversified_mixed,regular,164,10,93,81-99,31.9184,17.3135
61,diversified_mixed,regular,204,10,93,81-99,37.5597,17.9152
62,diversified_mixed,high,124,5,94,81-99,61.3183,28.7321
62,diversified_mixed,high,164,5,94,81-99,47.6728,18.6282
62,diversified_mixed,high,204,5,94,81-99,45.3723,14.1798
63,diversified_mixed,low,124,8,94,81-99,42.3765,19.9354
63,diversified_mixed,low,164,8,94,81-99,43.4959,18.6724
63,diversified_mixed,low,204,8,94,81-99,46.7333,13.9532
64,diversified_mixed,regular,124,8,93,81-99,44.1717,15.6283
64,diversified_mixed,regular,164,8,93,81-99,40.3124,16.0996
64,diversified_mixed,regular,204,8,93,81-99,52.7696,16.3603
65,diversified_mixed,high,124,5,91,81-99,32.5807,21.6936
65,diversified_mixed,high,164,5,69,61-80,38.8709,18.4538
65,diversified_mixed,high,204,5,69,61-80,36.1695,12.2421
66,diversified_mixed,low,124,12,94,81-99,43.9437,19.7803
66,diversified_mixed,low,164,12,94,81-99,38.4359,13.7712
66,diversified_mixed,low,204,12,94,81-99,63.3316,26.2526
67,diversified_mixed,regular,124,5,96,81-99,76.1568,29.0854
67,diversified_mixed,regular,164,5,96,81-99,56.2924,16.5406
67,diversified_mixed,regular,204,5,96,81-99,57.7514,25.1221
68,diversified_mixed,high,124,5,74,61-80,48.3198,18.2212
68,diversified_mixed,high,164,5,74,61-80,33.3043,12.2681
68,diversified_mixed,high,204,5,76,61-80,70.1429,34.5987
69,diversified_mixed,low,124,10,93,81-99,47.4238,19.3881
69,diversified_mixed,low,164,10,94,81-99,38.5865,15.0869
69,diversified_mixed,low,204,10,94,81-99,64.6747,19.3362
70,diversified_mixed,regular,124,5,69,61-80,16.9609,7.0697
70,diversified_mixed,regular,164,5,71,61-80,17.8642,9.3624
70,diversified_mixed,regular,204,5,57,41-60,46.0378,15.6827
71,diversified_mixed,high,124,8,92,81-99,36.3916,20.8948
71,diversified_mixed,high,164,8,93,81-99,34.6039,12.9361
71,diversified_mixed,high,204,8,75,61-80,48.8987,18.5235
72,diversified_mixed,low,124,8,94,81-99,59.1302,18.5923
72,diversified_mixed,low,164,8,94,81-99,39.1444,11.7128
72,diversified_mixed,low,204,8,94,81-99,62.8411,21.0762
73,diversified_mixed,regular,124,12,93,81-99,38.9559,19.3449
73,diversified_mixed,regular,164,12,94,81-99,34.4498,12.3361
73,diversified_mixed,regular,204,12,94,81-99,66.5268,30.4178
74,diversified_mixed,high,124,5,94,81-99,55.8494,34.7764
74,diversified_mixed,high,164,5,94,81-99,54.7207,19.2574
74,diversified_mixed,high,204,5,95,81-99,66.0901,15.8549
75,diversified_mixed,low,124,12,93,81-99,33.7957,13.7089
75,diversified_mixed,low,164,12,93,81-99,28.3696,11.688
75,diversified_mixed,low,204,12,93,81-99,33.6638,10.4345
76,diversified_mixed,regular,124,10,74,61-80,38.7136,17.2018
76,diversified_mixed,regular,164,10,93,81-99,33.8794,17.784
76,diversified_mixed,regular,204,10,75,61-80,40.7203,12.1916
77,diversified_mixed,high,124,10,56,41-60,40.0976,18.4154
77,diversified_mixed,high,164,10,62,61-80,35.7484,18.0432
77,diversified_mixed,high,204,10,72,61-80,46.4761,11.2156
78,diversified_mixed,low,124,12,93,81-99,31.7498,11.7998
78,diversified_mixed,low,164,12,93,81-99,28.347,10.0677
78,diversified_mixed,low,204,12,93,81-99,30.6745,13.0891
79,diversified_mixed,regular,124,12,93,81-99,35.6873,14.0989
79,diversified_mixed,regular,164,12,93,81-99,41.3292,16.3201
79,diversified_mixed,regular,204,12,93,81-99,66.3552,13.634
80,diversified_mixed,high,124,12,93,81-99,50.5483,26.0591
80,diversified_mixed,high,164,12,94,81-99,40.8487,16.6596
80,diversified_mixed,high,204,12,94,81-99,64.9956,28.7174
81,diversified_mixed,low,124,10,95,81-99,58.6607,19.6426
81,diversified_mixed,low,164,10,95,81-99,58.2311,21.9277
81,diversified_mixed,low,204,10,95,81-99,86.0028,23.1589
82,diversified_mixed,regular,124,10,93,81-99,35.7338,17.2898
82,diversified_mixed,regular,164,10,94,81-99,29.9976,14.4149
82,diversified_mixed,regular,204,10,94,81-99,33.6544,18.6281
83,diversified_mixed,high,124,5,95,81-99,74.348,30.6704
83,diversified_mixed,high,164,5,95,81-99,52.996,17.3072
83,diversified_mixed,high,204,5,95,81-99,60.6106,17.8138
84,diversified_mixed,low,124,10,93,81-99,37.3938,15.5098
84,diversified_mixed,low,164,10,94,81-99,39.7581,15.0693
84,diversified_mixed,low,204,10,94,81-99,45.5803,15.5343
85,diversified_mixed,regular,124,8,94,81-99,61.4102,25.0037
85,diversified_mixed,regular,164,8,95,81-99,48.834,21.0148
85,diversified_mixed,regular,204,8,95,81-99,73.3856,20.2162
86,diversified_mixed,high,124,5,72,61-80,42.4511,12.2349
86,diversified_mixed,high,164,5,72,61-80,38.6031,14.1868
86,diversified_mixed,high,204,5,72,61-80,65.9349,17.7642
87,diversified_mixed,low,124,8,95,81-99,55.6418,22.7137
87,diversified_mixed,low,164,8,95,81-99,46.7667,19.0332
87,diversified_mixed,low,204,8,95,81-99,64.2999,20.569
88,diversified_mixed,regular,124,12,94,81-99,49.6696,21.679
88,diversified_mixed,regular,164,12,94,81-99,38.3284,14.0465
88,diversified_mixed,regular,204,12,94,81-99,47.7059,17.4512
89,diversified_mixed,high,124,5,75,61-80,47.4575,21.3131
89,diversified_mixed,high,164,5,75,61-80,45.01,19.6948
89,diversified_mixed,high,204,5,78,61-80,90.7458,33.3964
90,diversified_mixed,low,124,12,94,81-99,37.7214,18.6384
90,diversified_mixed,low,164,12,94,81-99,34.9641,18.1716
90,diversified_mixed,low,204,12,94,81-99,38.723,11.0804
91,diversified_mixed,regular,124,5,74,61-80,36.3947,14.8971
91,diversified_mixed,regular,164,5,93,81-99,29.7655,7.2768
91,diversified_mixed,regular,204,5,72,61-80,37.0695,17.5941
92,diversified_mixed,high,124,12,94,81-99,50.4215,21.8448
92,diversified_mixed,high,164,12,94,81-99,39.3114,15.0684
92,diversified_mixed,high,204,12,86,81-99,53.5383,18.1435
93,diversified_mixed,low,124,5,95,81-99,41.9189,16.7496
93,diversified_mixed,low,164,5,95,81-99,43.7544,11.1734
93,diversified_mixed,low,204,5,95,81-99,48.4401,15.2413
94,diversified_mixed,regular,124,5,95,81-99,48.9063,16.7474
94,diversified_mixed,regular,164,5,94,81-99,42.8208,6.9459
94,diversified_mixed,regular,204,5,94,81-99,47.7201,19.7127
95,diversified_mixed,high,124,12,75,61-80,37.5597,21.2362
95,diversified_mixed,high,164,12,78,61-80,36.1233,19.7951
95,diversified_mixed,high,204,12,78,61-80,34.8671,14.4894
96,diversified_mixed,low,124,5,95,81-99,58.9321,24.678
96,diversified_mixed,low,164,5,95,81-99,53.2459,18.3548
96,diversified_mixed,low,204,5,95,81-99,127.7401,44.0229
97,diversified_mixed,regular,124,8,77,61-80,37.0615,20.8922
97,diversified_mixed,regular,164,8,94,81-99,44.5502,15.0848
97,diversified_mixed,regular,204,8,94,81-99,59.5107,16.8695
98,diversified_mixed,high,124,5,94,81-99,59.6459,27.9599
98,diversified_mixed,high,164,5,95,81-99,46.1068,17.9217
98,diversified_mixed,high,204,5,96,81-99,55.285,22.7686
99,diversified_mixed,low,124,10,93,81-99,34.0897,9.9561
99,diversified_mixed,low,164,10,93,81-99,28.4611,10.139
99,diversified_mixed,low,204,10,93,81-99,32.6123,12.3466
100,diversified_mixed,regular,124,12,92,81-99,27.6727,10.4094
100,diversified_mixed,regular,164,12,92,81-99,31.1577,10.265
100,diversified_mixed,regular,204,12,92,81-99,35.6128,13.0086
101,diversified_mixed,high,124,8,72,61-80,34.7983,13.6687
101,diversified_mixed,high,164,8,73,61-80,37.7829,15.5264
101,diversified_mixed,high,204,8,74,61-80,56.1402,18.5144
102,diversified_mixed,low,124,8,95,81-99,43.8334,19.6553
102,diversified_mixed,low,164,8,95,81-99,42.4264,17.3671
102,diversified_mixed,low,204,8,95,81-99,59.1855,16.9254
103,diversified_mixed,regular,124,5,77,61-80,32.7755,13.7122
103,diversified_mixed,regular,164,5,94,81-99,31.4271,14.2927
103,diversified_mixed,regular,204,5,77,61-80,27.9406,7.7922
104,diversified_mixed,high,124,10,73,61-80,31.184,14.3505
104,diversified_mixed,high,164,10,74,61-80,34.6977,15.3935
104,diversified_mixed,high,204,10,74,61-80,38.0518,12.7759
105,diversified_mixed,low,124,10,94,81-99,50.2356,25.2843
105,diversified_mixed,low,164,10,94,81-99,40.7673,18.0742
105,diversified_mixed,low,204,10,94,81-99,43.3797,17.8086
106,diversified_mixed,regular,124,5,72,61-80,23.2787,6.1099
106,diversified_mixed,regular,164,5,72,61-80,25.0838,8.8066
106,diversified_mixed,regular,204,5,72,61-80,25.3267,10.9207
107,diversified_mixed,high,124,10,73,61-80,45.9723,16.5025
107,diversified_mixed,high,164,10,93,81-99,35.0048,11.1353
107,diversified_mixed,high,204,10,85,81-99,73.0255,28.1764
108,diversified_mixed,low,124,12,95,81-99,47.0575,23.0784
108,diversified_mixed,low,164,12,95,81-99,44.278,16.6098
108,diversified_mixed,low,204,12,95,81-99,56.9499,13.9474
109,diversified_mixed,regular,124,8,94,81-99,48.6267,17.9736
109,diversified_mixed,regular,164,8,94,81-99,40.7787,15.2242
109,diversified_mixed,regular,204,8,94,81-99,51.5226,15.4808
110,diversified_mixed,high,124,5,75,61-80,45.8805,16.4228
110,diversified_mixed,high,164,5,75,61-80,48.4442,19.5409
110,diversified_mixed,high,204,5,75,61-80,61.3931,15.8
111,diversified_mixed,low,124,10,94,81-99,50.309,21.7298
111,diversified_mixed,low,164,10,94,81-99,40.3403,16.6999
111,diversified_mixed,low,204,10,94,81-99,80.5394,22.3389
112,balanced_small,regular,124,2,96,81-99,75.4028,30.6628
112,balanced_small,regular,164,2,96,81-99,70.5956,12.4521
112,balanced_small,regular,204,2,96,81-99,73.7075,31.418
113,balanced_small,high,124,4,72,61-80,39.2827,17.3239
113,balanced_small,high,164,4,92,81-99,38.0407,16.2037
113,balanced_small,high,204,4,72,61-80,51.1953,15.3698
114,balanced_small,low,124,3,96,81-99,76.3577,32.0779
114,balanced_small,low,164,3,96,81-99,49.1452,15.2444
114,balanced_small,low,204,3,96,81-99,61.1745,17.9412
115,balanced_small,regular,124,3,95,81-99,58.2878,27.6991
115,balanced_small,regular,164,3,96,81-99,53.4458,21.5848
115,balanced_small,regular,204,3,96,81-99,65.5877,13.8327
116,balanced_small,high,124,4,93,81-99,44.5396,23.649
116,balanced_small,high,164,4,94,81-99,39.0056,18.6271
116,balanced_small,high,204,4,94,81-99,46.462,19.7823
117,balanced_small,low,124,3,92,81-99,31.8583,21.8647
117,balanced_small,low,164,3,91,81-99,36.2654,21.7073
117,balanced_small,low,204,3,91,81-99,46.6105,17.7693
118,balanced_small,regular,124,3,95,81-99,62.2678,21.6846
118,balanced_small,regular,164,3,95,81-99,46.2742,29.2211
118,balanced_small,regular,204,3,95,81-99,56.761,23.5678
119,balanced_small,high,124,3,94,81-99,81.7464,35.6726
119,balanced_small,high,164,3,96,81-99,60.805,23.8956
119,balanced_small,high,204,3,96,81-99,89.1466,21.1748
120,balanced_small,low,124,3,93,81-99,45.3882,24.7642
120,balanced_small,low,164,3,94,81-99,34.5037,12.6994
120,balanced_small,low,204,3,94,81-99,27.0916,7.842
121,balanced_small,regular,124,3,91,81-99,28.242,10.5028
121,balanced_small,regular,164,3,93,81-99,32.5851,12.8935
121,balanced_small,regular,204,3,93,81-99,36.0598,13.4799
122,balanced_small,high,124,4,94,81-99,47.2808,34.0376
122,balanced_small,high,164,4,94,81-99,49.3528,18.8729
122,balanced_small,high,204,4,95,81-99,61.8344,15.4388
123,balanced_small,low,124,3,95,81-99,63.64,17.8848
123,balanced_small,low,164,3,95,81-99,54.2682,32.4853
123,balanced_small,low,204,3,95,81-99,62.1055,25.1151
124,balanced_small,regular,124,2,96,81-99,73.4712,27.9387
124,balanced_small,regular,164,2,96,81-99,55.5844,26.8407
124,balanced_small,regular,204,2,96,81-99,83.6146,27.666
125,balanced_small,high,124,2,96,81-99,80.6289,39.6069
125,balanced_small,high,164,2,96,81-99,61.2427,19.6251
125,balanced_small,high,204,2,96,81-99,71.2547,15.5923
126,balanced_small,low,124,3,95,81-99,71.0747,22.5632
126,balanced_small,low,164,3,96,81-99,66.9136,16.1352
126,balanced_small,low,204,3,96,81-99,108.2938,26.466
127,balanced_small,regular,124,3,94,81-99,33.3318,16.3608
127,balanced_small,regular,164,3,94,81-99,36.3115,14.9295
127,balanced_small,regular,204,3,83,81-99,44.6743,14.569
128,balanced_small,high,124,4,94,81-99,71.5711,27.4986
128,balanced_small,high,164,4,94,81-99,51.2498,24.6577
128,balanced_small,high,204,4,94,81-99,64.8147,22.6731
129,balanced_small,low,124,4,94,81-99,54.6101,22.8295
129,balanced_small,low,164,4,94,81-99,54.4817,21.2688
129,balanced_small,low,204,4,94,81-99,92.5164,24.3337
130,balanced_small,regular,124,2,95,81-99,36.0562,14.0822
130,balanced_small,regular,164,2,95,81-99,49.1008,24.6387
130,balanced_small,regular,204,2,95,81-99,69.3876,24.4126
131,balanced_small,high,124,3,96,81-99,79.1718,37.2883
131,balanced_small,high,164,3,96,81-99,57.7652,22.4059
131,balanced_small,high,204,3,96,81-99,62.0462,28.0827
132,balanced_small,low,124,3,96,81-99,68.8048,37.8888
132,balanced_small,low,164,3,96,81-99,54.698,17.8648
132,balanced_small,low,204,3,96,81-99,50.8994,17.2599
133,balanced_small,regular,124,4,93,81-99,35.5071,11.4199
133,balanced_small,regular,164,4,93,81-99,33.4214,9.5394
133,balanced_small,regular,204,4,93,81-99,43.931,16.8298
134,balanced_small,high,124,3,96,81-99,76.3055,37.2892
134,balanced_small,high,164,3,96,81-99,61.0182,24.669
134,balanced_small,high,204,3,96,81-99,59.8797,19.5786
135,balanced_small,low,124,3,96,81-99,71.3408,38.038
135,balanced_small,low,164,3,96,81-99,63.7555,30.363
135,balanced_small,low,204,3,96,81-99,72.5056,26.1349
136,balanced_small,regular,124,4,95,81-99,47.1511,33.7453
136,balanced_small,regular,164,4,95,81-99,51.9543,27.9106
136,balanced_small,regular,204,4,95,81-99,47.6093,15.3769
137,balanced_small,high,124,4,96,81-99,76.2835,31.8372
137,balanced_small,high,164,4,96,81-99,56.7536,19.4933
137,balanced_small,high,204,4,96,81-99,64.4837,37.3212
138,balanced_small,low,124,2,96,81-99,42.8962,18.3255
138,balanced_small,low,164,2,96,81-99,57.6994,22.871
138,balanced_small,low,204,2,96,81-99,74.393,16.4471
139,balanced_small,regular,124,4,93,81-99,42.6941,16.9282
139,balanced_small,regular,164,4,93,81-99,38.7431,18.9981
139,balanced_small,regular,204,4,93,81-99,42.3191,12.8601
140,balanced_small,high,124,2,91,81-99,49.3057,22.8259
140,balanced_small,high,164,2,91,81-99,48.8514,17.7599
140,balanced_small,high,204,2,91,81-99,63.908,19.6291
141,balanced_small,low,124,4,92,81-99,40.046,13.676
141,balanced_small,low,164,4,92,81-99,36.4462,13.9512
141,balanced_small,low,204,4,92,81-99,37.4545,8.1416
142,balanced_small,regular,124,2,94,81-99,63.7285,21.8592
142,balanced_small,regular,164,2,94,81-99,71.801,13.4212
142,balanced_small,regular,204,2,94,81-99,71.4758,30.3226
143,balanced_small,high,124,4,74,61-80,72.3265,30.8153
143,balanced_small,high,164,4,74,61-80,44.9112,25.8647
143,balanced_small,high,204,4,74,61-80,60.8932,17.4043
144,balanced_small,low,124,4,93,81-99,38.0771,17.8298
144,balanced_small,low,164,4,93,81-99,29.3948,13.2218
144,balanced_small,low,204,4,93,81-99,33.0055,7.2603
145,balanced_small,regular,124,3,96,81-99,66.0449,32.6286
145,balanced_small,regular,164,3,96,81-99,58.1333,28.823
145,balanced_small,regular,204,3,96,81-99,60.6206,28.0042
146,balanced_small,high,124,2,87,81-99,29.8019,6.1197
146,balanced_small,high,164,2,87,81-99,33.5652,17.2171
146,balanced_small,high,204,2,87,81-99,61.6362,18.9811
147,balanced_small,low,124,4,96,81-99,41.1039,19.4399
147,balanced_small,low,164,4,96,81-99,37.8088,17.8372
147,balanced_small,low,204,4,96,81-99,73.6962,29.4888
148,balanced_small,regular,124,4,93,81-99,55.7557,15.1077
148,balanced_small,regular,164,4,93,81-99,35.428,6.1826
148,balanced_small,regular,204,4,76,61-80,57.9019,17.4254
149,balanced_small,high,124,2,96,81-99,84.174,43.6479
149,balanced_small,high,164,2,96,81-99,65.9179,24.5156
149,balanced_small,high,204,2,96,81-99,81.4998,22.7908
150,balanced_small,low,124,2,96,81-99,37.1476,17.6073
150,balanced_small,low,164,2,96,81-99,40.9335,18.4598
150,balanced_small,low,204,2,96,81-99,48.7174,17.2215
151,balanced_small,regular,124,2,95,81-99,85.9518,35.2393
151,balanced_small,regular,164,2,95,81-99,80.316,24.3663
151,balanced_small,regular,204,2,95,81-99,156.5516,37.0526
152,balanced_small,high,124,2,83,81-99,48.3826,35.1821
152,balanced_small,high,164,2,89,81-99,75.7593,24.7451
152,balanced_small,high,204,2,96,81-99,191.9564,58.5309
153,balanced_small,low,124,4,96,81-99,61.4552,30.8699
153,balanced_small,low,164,4,96,81-99,48.5931,22.976
153,balanced_small,low,204,4,96,81-99,57.0971,24.7906
154,balanced_small,regular,124,4,55,41-60,29.9274,6.5021
154,balanced_small,regular,164,4,70,61-80,17.9826,6.4543
154,balanced_small,regular,204,4,55,41-60,17.5103,9.5645
155,balanced_small,high,124,4,95,81-99,67.5685,25.3722
155,balanced_small,high,164,4,95,81-99,50.8589,29.1855
155,balanced_small,high,204,4,95,81-99,65.4161,20.2433
156,balanced_small,low,124,3,46,41-60,18.9473,3.9528
156,balanced_small,low,164,3,46,41-60,16.0113,4.2267
156,balanced_small,low,204,3,46,41-60,17.8771,10.5072
157,balanced_small,regular,124,2,96,81-99,91.292,38.6178
157,balanced_small,regular,164,2,96,81-99,66.1139,20.6649
157,balanced_small,regular,204,2,96,81-99,89.8685,28.7133
158,balanced_small,high,124,4,93,81-99,51.2307,20.356
158,balanced_small,high,164,4,94,81-99,49.1997,19.7572
158,balanced_small,high,204,4,82,81-99,89.8324,21.2487
159,balanced_small,low,124,3,94,81-99,53.0281,31.2936
159,balanced_small,low,164,3,95,81-99,50.2176,16.3309
159,balanced_small,low,204,3,95,81-99,46.7581,21.3366
160,balanced_small,regular,124,4,70,61-80,30.3415,9.7806
160,balanced_small,regular,164,4,70,61-80,26.3624,11.8087
160,balanced_small,regular,204,4,63,61-80,25.4844,6.6838
161,balanced_small,high,124,3,93,81-99,60.192,22.5345
161,balanced_small,high,164,3,93,81-99,46.9497,22.4705
161,balanced_small,high,204,3,93,81-99,62.156,14.5149
162,concentrated,low,124,2,94,81-99,39.5765,22.7108
162,concentrated,low,164,2,94,81-99,27.1431,12.0149
162,concentrated,low,204,2,94,81-99,43.1526,11.5506
163,concentrated,regular,124,2,96,81-99,63.427,32.986
163,concentrated,regular,164,2,96,81-99,54.8644,23.4273
163,concentrated,regular,204,2,96,81-99,54.5664,20.7735
164,concentrated,high,124,1,96,81-99,108.3155,39.7155
164,concentrated,high,164,1,96,81-99,70.6887,23.2645
164,concentrated,high,204,1,96,81-99,75.0715,20.7868
165,concentrated,low,124,2,96,81-99,33.675,6.9503
165,concentrated,low,164,2,96,81-99,42.4209,19.3849
165,concentrated,low,204,2,96,81-99,73.6008,18.2908
166,concentrated,regular,124,2,79,61-80,24.4851,11.0741
166,concentrated,regular,164,2,79,61-80,19.3782,9.9844
166,concentrated,regular,204,2,79,61-80,22.2223,14.8399
167,concentrated,high,124,2,10,1-20,12.3555,1.3723
167,concentrated,high,164,2,7,1-20,9.6289,4.5478
167,concentrated,high,204,2,7,1-20,11.6082,2.1954
168,concentrated,low,124,3,96,81-99,51.619,13.254
168,concentrated,low,164,3,96,81-99,45.5479,9.1055
168,concentrated,low,204,3,96,81-99,108.2748,23.0212
169,concentrated,regular,124,3,96,81-99,80.8458,38.9494
169,concentrated,regular,164,3,96,81-99,67.2562,28.1356
169,concentrated,regular,204,3,96,81-99,89.7981,27.2244
170,concentrated,high,124,2,96,81-99,47.2269,16.4132
170,concentrated,high,164,2,96,81-99,60.5833,24.3829
170,concentrated,high,204,2,96,81-99,75.3478,20.4922
171,concentrated,low,124,3,87,81-99,62.4993,24.7186
171,concentrated,low,164,3,87,81-99,35.9239,12.315
171,concentrated,low,204,3,87,81-99,23.7606,5.9127
172,concentrated,regular,124,2,96,81-99,79.9631,24.7615
172,concentrated,regular,164,2,96,81-99,68.7394,22.307
172,concentrated,regular,204,2,96,81-99,100.1409,41.3555
173,concentrated,high,124,1,1,1-20,10.5732,1.545
173,concentrated,high,164,1,1,1-20,12.1253,6.3782
173,concentrated,high,204,1,1,1-20,10.7025,2.457
174,concentrated,low,124,1,96,81-99,88.6861,30.888
174,concentrated,low,164,1,96,81-99,93.2684,14.5161
174,concentrated,low,204,1,96,81-99,93.4573,36.9565
175,concentrated,regular,124,2,96,81-99,50.805,12.8827
175,concentrated,regular,164,2,96,81-99,63.2501,23.7635
175,concentrated,regular,204,2,96,81-99,108.1372,23.024
176,concentrated,high,124,1,86,81-99,38.245,20.5016
176,concentrated,high,164,1,86,81-99,27.281,13.127
176,concentrated,high,204,1,86,81-99,32.9508,20.6419
177,concentrated,low,124,2,87,81-99,39.6404,10.1081
177,concentrated,low,164,2,87,81-99,31.7461,11.5826
177,concentrated,low,204,2,87,81-99,43.9623,21.1256
178,concentrated,regular,124,1,96,81-99,101.9512,37.2162
178,concentrated,regular,164,1,96,81-99,96.5217,27.3045
178,concentrated,regular,204,1,96,81-99,179.3751,41.2434
179,concentrated,high,124,3,96,81-99,108.2541,39.7043
179,concentrated,high,164,3,96,81-99,70.636,23.2473
179,concentrated,high,204,3,96,81-99,74.9952,20.7902
180,concentrated,low,124,3,94,81-99,57.0582,22.4936
180,concentrated,low,164,3,94,81-99,44.0068,23.1868
180,concentrated,low,204,3,94,81-99,57.3589,19.5352
181,concentrated,regular,124,2,96,81-99,55.9431,22.3914
181,concentrated,regular,164,2,96,81-99,67.7371,30.543
181,concentrated,regular,204,2,96,81-99,99.5519,32.8357
182,concentrated,high,124,2,96,81-99,92.3776,34.1223
182,concentrated,high,164,2,96,81-99,62.613,17.6371
182,concentrated,high,204,2,96,81-99,66.2295,43.6505
183,concentrated,low,124,1,96,81-99,54.6133,39.3443
183,concentrated,low,164,1,96,81-99,39.9631,21.2987
183,concentrated,low,204,1,96,81-99,66.4835,17.0479
184,concentrated,regular,124,1,96,81-99,79.9364,19.2472
184,concentrated,regular,164,1,96,81-99,70.0835,44.4757
184,concentrated,regular,204,1,96,81-99,72.3299,29.7459
185,concentrated,high,124,1,96,81-99,75.5692,37.7021
185,concentrated,high,164,1,96,81-99,75.0388,31.5545
185,concentrated,high,204,1,96,81-99,78.1201,34.1641
186,concentrated,low,124,1,96,81-99,99.5955,24.5211
186,concentrated,low,164,1,96,81-99,123.5391,35.2772
186,concentrated,low,204,1,96,81-99,192.1629,35.6063
187,concentrated,regular,124,1,96,81-99,87.2777,40.6036
187,concentrated,regular,164,1,96,81-99,68.0308,22.482
187,concentrated,regular,204,1,96,81-99,63.5169,24.7312
188,concentrated,high,124,3,84,81-99,55.6165,23.2499
188,concentrated,high,164,3,84,81-99,33.8646,13.1761
188,concentrated,high,204,3,84,81-99,21.9423,5.686
189,concentrated,low,124,3,96,81-99,65.3881,27.7217
189,concentrated,low,164,3,96,81-99,49.0287,22.9058
189,concentrated,low,204,3,96,81-99,59.5358,27.3317
190,concentrated,regular,124,3,89,81-99,39.0573,24.0458
190,concentrated,regular,164,3,96,81-99,33.8599,15.2041
190,concentrated,regular,204,3,96,81-99,36.2927,22.5265
191,concentrated,high,124,2,94,81-99,61.2898,34.3227
191,concentrated,high,164,2,95,81-99,60.345,21.5696
191,concentrated,high,204,2,96,81-99,65.5144,30.7682
192,concentrated,low,124,3,95,81-99,51.0626,36.9664
192,concentrated,low,164,3,96,81-99,37.7105,20.193
192,concentrated,low,204,3,96,81-99,60.8485,15.4844
193,concentrated,regular,124,3,95,81-99,99.5695,38.4123
193,concentrated,regular,164,3,96,81-99,64.8105,22.0074
193,concentrated,regular,204,3,96,81-99,69.4422,20.6471
194,concentrated,high,124,1,96,81-99,82.1581,25.3227
194,concentrated,high,164,1,96,81-99,70.8955,22.7969
194,concentrated,high,204,1,96,81-99,104.3529,42.8051
195,concentrated,low,124,1,96,81-99,76.6719,42.2915
195,concentrated,low,164,1,96,81-99,64.124,20.7396
195,concentrated,low,204,1,96,81-99,78.4538,13.2448
196,concentrated,regular,124,2,96,81-99,70.1662,30.8752
196,concentrated,regular,164,2,96,81-99,58.1625,22.9207
196,concentrated,regular,204,2,96,81-99,70.2509,13.2091
197,concentrated,high,124,2,95,81-99,58.0689,29.3975
197,concentrated,high,164,2,95,81-99,52.8972,22.632
197,concentrated,high,204,2,95,81-99,57.4365,23.0684
198,concentrated,low,124,1,96,81-99,87.6203,26.8097
198,concentrated,low,164,1,96,81-99,75.4748,39.9777
198,concentrated,low,204,1,96,81-99,74.2599,23.5994
199,concentrated,regular,124,1,96,81-99,95.078,34.3288
199,concentrated,regular,164,1,96,81-99,60.9897,30.2071
199,concentrated,regular,204,1,96,81-99,74.6462,33.2542
200,concentrated,high,124,1,86,81-99,38.245,20.5016
200,concentrated,high,164,1,86,81-99,27.281,13.127
200,concentrated,high,204,1,86,81-99,32.9508,20.6419
201,concentrated,low,124,2,87,81-99,29.093,5.9721
201,concentrated,low,164,2,87,81-99,28.0433,12.4543
201,concentrated,low,204,2,87,81-99,34.5457,16.6035
202,concentrated,regular,124,3,95,81-99,51.5961,37.5148
202,concentrated,regular,164,3,95,81-99,37.8121,20.2142
202,concentrated,regular,204,3,95,81-99,61.9603,16.2349
203,concentrated,high,124,1,96,81-99,47.5351,16.5089
203,concentrated,high,164,1,96,81-99,61.0949,24.612
203,concentrated,high,204,1,96,81-99,75.7384,20.5801
204,concentrated,low,124,2,82,81-99,20.0788,8.2918
204,concentrated,low,164,2,86,81-99,19.2521,11.3168
204,concentrated,low,204,2,86,81-99,20.8737,11.3183
205,concentrated,regular,124,1,10,1-20,11.8943,1.1708
205,concentrated,regular,164,1,1,1-20,8.8834,4.6139
205,concentrated,regular,204,1,1,1-20,11.5442,3.3811
206,concentrated,high,124,1,96,81-99,131.1834,38.113
206,concentrated,high,164,1,96,81-99,67.5199,16.7491
206,concentrated,high,204,1,96,81-99,79.2641,28.8278
207,concentrated,low,124,2,96,81-99,100.6738,37.318
207,concentrated,low,164,2,96,81-99,81.64,28.433
207,concentrated,low,204,2,96,81-99,73.1687,14.7611
208,concentrated,regular,124,2,88,81-99,19.2182,3.4074
208,concentrated,regular,164,2,88,81-99,22.0077,14.9828
208,concentrated,regular,204,2,88,81-99,21.7306,6.2217
209,concentrated,high,124,2,96,81-99,62.7643,32.9329
209,concentrated,high,164,2,96,81-99,55.8893,23.5075
209,concentrated,high,204,2,96,81-99,53.4542,20.5916
210,concentrated,low,124,1,86,81-99,28.1438,7.7778
210,concentrated,low,164,1,86,81-99,32.1882,16.2808
210,concentrated,low,204,1,86,81-99,60.0057,20.6422
211,concentrated,regular,124,3,96,81-99,55.1098,22.6117
211,concentrated,regular,164,3,96,81-99,65.9241,29.7485
211,concentrated,regular,204,3,96,81-99,97.698,32.4475
212,speculative_heavy,high,124,8,94,81-99,61.0094,23.0879
212,speculative_heavy,high,164,8,94,81-99,45.4525,14.6673
212,speculative_heavy,high,204,8,94,81-99,73.0273,20.1555
213,speculative_heavy,low,124,5,96,81-99,54.7302,37.2339
213,speculative_heavy,low,164,5,96,81-99,51.7836,22.5658
213,speculative_heavy,low,204,5,96,81-99,48.6297,14.23
214,speculative_heavy,regular,124,5,95,81-99,50.6143,27.3642
214,speculative_heavy,regular,164,5,95,81-99,45.1207,22.0438
214,speculative_heavy,regular,204,5,95,81-99,46.9996,17.7814
215,speculative_heavy,high,124,8,94,81-99,67.0728,26.011
215,speculative_heavy,high,164,8,94,81-99,52.8182,14.5183
215,speculative_heavy,high,204,8,94,81-99,66.5194,24.4709
216,speculative_heavy,low,124,8,95,81-99,50.7857,25.7921
216,speculative_heavy,low,164,8,95,81-99,48.9132,16.6464
216,speculative_heavy,low,204,8,95,81-99,65.6968,19.9606
217,speculative_heavy,regular,124,8,94,81-99,54.9818,26.3651
217,speculative_heavy,regular,164,8,95,81-99,46.0628,20.1918
217,speculative_heavy,regular,204,8,94,81-99,53.8208,21.0259
218,speculative_heavy,high,124,5,92,81-99,58.3793,27.9199
218,speculative_heavy,high,164,5,95,81-99,42.4582,23.2281
218,speculative_heavy,high,204,5,95,81-99,57.9063,19.948
219,speculative_heavy,low,124,8,96,81-99,54.1338,29.6779
219,speculative_heavy,low,164,8,96,81-99,49.3786,22.9609
219,speculative_heavy,low,204,8,96,81-99,100.1598,38.7852
220,speculative_heavy,regular,124,8,94,81-99,60.4797,27.9828
220,speculative_heavy,regular,164,8,95,81-99,46.4747,16.2924
220,speculative_heavy,regular,204,8,95,81-99,58.8599,25.4234
221,speculative_heavy,high,124,8,94,81-99,52.4151,27.5881
221,speculative_heavy,high,164,8,95,81-99,40.6673,14.3825
221,speculative_heavy,high,204,8,95,81-99,46.0066,24.6332
222,speculative_heavy,low,124,8,95,81-99,51.8306,21.4594
222,speculative_heavy,low,164,8,95,81-99,48.1528,15.8224
222,speculative_heavy,low,204,8,95,81-99,97.5689,31.1508
223,speculative_heavy,regular,124,8,95,81-99,57.8813,21.1093
223,speculative_heavy,regular,164,8,95,81-99,51.5476,17.8893
223,speculative_heavy,regular,204,8,95,81-99,95.0105,21.1163
224,speculative_heavy,high,124,8,94,81-99,64.6095,29.2415
224,speculative_heavy,high,164,8,94,81-99,47.5973,16.4481
224,speculative_heavy,high,204,8,95,81-99,87.5379,33.2451
225,speculative_heavy,low,124,8,96,81-99,65.8895,26.1059
225,speculative_heavy,low,164,8,96,81-99,49.03,24.8796
225,speculative_heavy,low,204,8,96,81-99,63.8362,16.8377
226,speculative_heavy,regular,124,8,94,81-99,45.6203,18.0936
226,speculative_heavy,regular,164,8,94,81-99,32.1528,7.9812
226,speculative_heavy,regular,204,8,94,81-99,54.5873,14.224
227,speculative_heavy,high,124,8,78,61-80,33.0818,17.3438
227,speculative_heavy,high,164,8,77,61-80,37.2903,13.5014
227,speculative_heavy,high,204,8,77,61-80,46.2016,13.6454
228,speculative_heavy,low,124,3,96,81-99,78.0552,25.3799
228,speculative_heavy,low,164,3,96,81-99,84.2618,28.3906
228,speculative_heavy,low,204,3,96,81-99,136.5952,26.2882
229,speculative_heavy,regular,124,8,95,81-99,66.7082,25.2805
229,speculative_heavy,regular,164,8,95,81-99,51.252,17.4039
229,speculative_heavy,regular,204,8,95,81-99,67.012,24.266
230,speculative_heavy,high,124,8,81,81-99,42.6101,19.6223
230,speculative_heavy,high,164,8,81,81-99,41.6755,12.7318
230,speculative_heavy,high,204,8,84,81-99,70.5496,25.9677
231,speculative_heavy,low,124,3,96,81-99,58.1785,31.1829
231,speculative_heavy,low,164,3,96,81-99,54.9019,23.6567
231,speculative_heavy,low,204,3,96,81-99,68.4317,20.21
232,speculative_heavy,regular,124,5,95,81-99,84.7532,34.7208
232,speculative_heavy,regular,164,5,96,81-99,58.8948,21.9246
232,speculative_heavy,regular,204,5,96,81-99,69.1589,20.4372
233,speculative_heavy,high,124,3,94,81-99,54.1134,21.8574
233,speculative_heavy,high,164,3,94,81-99,57.3857,21.0249
233,speculative_heavy,high,204,3,94,81-99,75.6637,18.7345
234,speculative_heavy,low,124,5,96,81-99,52.9392,18.8819
234,speculative_heavy,low,164,5,95,81-99,41.3651,10.5448
234,speculative_heavy,low,204,5,95,81-99,53.5274,18.3398
235,speculative_heavy,regular,124,5,96,81-99,68.2947,40.7328
235,speculative_heavy,regular,164,5,96,81-99,61.1718,30.006
235,speculative_heavy,regular,204,5,96,81-99,79.7277,21.2055
236,speculative_heavy,high,124,8,94,81-99,51.1032,21.6593
236,speculative_heavy,high,164,8,94,81-99,39.2123,18.1306
236,speculative_heavy,high,204,8,80,61-80,55.8209,19.0273
237,speculative_heavy,low,124,8,96,81-99,61.3517,33.1218
237,speculative_heavy,low,164,8,96,81-99,50.8265,20.2416
237,speculative_heavy,low,204,8,96,81-99,88.3757,26.8522
238,speculative_heavy,regular,124,5,93,81-99,52.8694,30.4968
238,speculative_heavy,regular,164,5,95,81-99,44.9648,15.1878
238,speculative_heavy,regular,204,5,94,81-99,91.6109,37.1777
239,speculative_heavy,high,124,8,94,81-99,63.398,24.7719
239,speculative_heavy,high,164,8,94,81-99,50.9834,23.4123
239,speculative_heavy,high,204,8,94,81-99,62.163,20.6107
240,speculative_heavy,low,124,5,95,81-99,64.6818,28.0999
240,speculative_heavy,low,164,5,95,81-99,53.0289,22.5055
240,speculative_heavy,low,204,5,95,81-99,94.8836,25.4754
241,speculative_heavy,regular,124,3,95,81-99,59.0227,29.1297
241,speculative_heavy,regular,164,3,96,81-99,58.8641,26.4115
241,speculative_heavy,regular,204,3,96,81-99,77.1982,23.9402
242,speculative_heavy,high,124,5,93,81-99,63.7305,29.3025
242,speculative_heavy,high,164,5,94,81-99,46.3784,23.3581
242,speculative_heavy,high,204,5,95,81-99,72.674,20.2438
243,speculative_heavy,low,124,5,96,81-99,65.8226,33.0736
243,speculative_heavy,low,164,5,96,81-99,51.9442,19.7372
243,speculative_heavy,low,204,5,96,81-99,55.2679,19.046
244,speculative_heavy,regular,124,3,96,81-99,58.2309,25.0924
244,speculative_heavy,regular,164,3,96,81-99,64.3301,29.4284
244,speculative_heavy,regular,204,3,96,81-99,88.9201,28.8922
245,speculative_heavy,high,124,5,93,81-99,62.0003,28.4201
245,speculative_heavy,high,164,5,94,81-99,45.3187,20.4648
245,speculative_heavy,high,204,5,95,81-99,62.6945,24.3563
246,speculative_heavy,low,124,5,94,81-99,44.5232,14.4161
246,speculative_heavy,low,164,5,94,81-99,46.5227,20.0797
246,speculative_heavy,low,204,5,94,81-99,79.8963,18.2071
247,speculative_heavy,regular,124,5,96,81-99,68.9825,25.0245
247,speculative_heavy,regular,164,5,96,81-99,56.0776,19.1001
247,speculative_heavy,regular,204,5,96,81-99,90.9576,27.2458
248,speculative_heavy,high,124,8,95,81-99,68.3659,27.1289
248,speculative_heavy,high,164,8,95,81-99,60.1448,25.2906
248,speculative_heavy,high,204,8,95,81-99,84.8762,21.4209
249,speculative_heavy,low,124,8,96,81-99,65.7395,25.8988
249,speculative_heavy,low,164,8,96,81-99,60.1597,22.3543
249,speculative_heavy,low,204,8,96,81-99,94.8165,21.2838
